{"timestamp": 1775326288, "metric": 45.963364993215734, "mean": 22.301030414639914, "std": 6.19981429767248, "z_score": 3.816619892544052, "confidence": 0.7}