{"timestamp": 1775239256, "metric": 10.4, "mean": 0.0849546666666667, "std": 0.6580560183652046, "z_score": 15.675026206672792, "confidence": 0.9}